{
    "src": [
        [
            1482,
            899
        ],
        [
            1859,
            911
        ],
        [
            1795,
            830
        ],
        [
            1431,
            835
        ]
    ],
    "dst": [
        [
            0,
            0
        ],
        [
            0,
            0
        ],
        [
            0,
            0
        ],
        [
            0,
            0
        ]
    ],
    "matrix": [
        [
            5.953202524079886,
            -4.743958261376162,
            -4557.827663709221
        ],
        [
            0.6623054046372953,
            -20.807428129021677,
            17724.341278318017
        ],
        [
            0.0015625538085752447,
            -0.0012848520467501384,
            1.0
        ]
    ]
}